half_tick,pc,r1,r2,r3,r4,r5,r6,r7,r8,ra,ram0,ram1,oscillating
0,0000,0000,0000,0000,0000,0000,0000,0000,0000,0000,0,0,false
1,0001,0006,0000,0000,0000,0000,0000,0000,0000,0000,0,0,false
2,0001,0006,0000,0000,0000,0000,0000,0000,0000,0000,0,0,false
3,0002,0006,0005,0000,0000,0000,0000,0000,0000,0000,0,0,false
4,0002,0006,0005,0000,0000,0000,0000,0000,0000,0000,0,0,false
5,0003,0006,0005,0000,0000,0000,0000,0000,0000,0000,0,0,false
6,0003,0006,0005,0000,0000,0000,0000,0000,0000,0000,0,0,false
7,0004,0006,0005,0000,0008,0000,0000,0000,0000,0000,0,0,false
8,0004,0006,0005,0000,0008,0000,0000,0000,0000,0000,0,0,false
9,0004,0006,0005,0000,0008,0000,0000,0000,0000,0000,0,0,false
10,0004,0006,0005,0000,0008,0000,0000,0000,0000,0000,0,0,false
11,0004,0006,0005,0000,0008,0000,0000,0000,0000,0000,0,0,false
12,0004,0006,0005,0000,0008,0000,0000,0000,0000,0000,0,0,false
13,0004,0006,0005,0000,0008,0000,0000,0000,0000,0000,0,0,false
14,0004,0006,0005,0000,0008,0000,0000,0000,0000,0000,0,0,false
15,0004,0006,0005,0000,0008,0000,0000,0000,0000,0000,0,0,false
16,0004,0006,0005,0000,0008,0000,0000,0000,0000,0000,0,0,false
17,0004,0006,0005,0000,0008,0000,0000,0000,0000,0000,0,0,false
18,0004,0006,0005,0000,0008,0000,0000,0000,0000,0000,0,0,false
19,0004,0006,0005,0000,0008,0000,0000,0000,0000,0000,0,0,false
20,0004,0006,0005,0000,0008,0000,0000,0000,0000,0000,0,0,false
21,0004,0006,0005,0000,0008,0000,0000,0000,0000,0000,0,0,false
22,0004,0006,0005,0000,0008,0000,0000,0000,0000,0000,0,0,false
23,0004,0006,0005,0000,0008,0000,0000,0000,0000,0000,0,0,false
24,0004,0006,0005,0000,0008,0000,0000,0000,0000,0000,0,0,false
25,0004,0006,0005,0000,0008,0000,0000,0000,0000,0000,0,0,false
120,0004,0006,0005,0000,0008,0000,0000,0000,0000,0000,0,0,false
